Sample.Number,Year.Collected,Population,Habitat,Drainage,Sex,Age,Standard.Length,Body.Height,Caudal.Peduncle.Height,Dorsal.Fin.Base.Length,Anal.Fin.Base.Length,Head.Height,Body.Width,Head.Width,Eye.Diameter
C 104,2010,C,Stream,Embarras,f,0,25,3.3,2.1,2.8,2.47,2.78,4.8,4.8,1.6
C 84,2010,C,Stream,Embarras,f,0,37.4,6.3,3.9,4.47,4.52,4.63,5.3,6.5,2.65
C 86,2010,C,Stream,Embarras,f,0,34.7,5.5,3.3,4.54,4.21,4.21,5.1,5.3,2.3
C 88,2010,C,Stream,Embarras,f,0,32.2,5.3,3.2,3.54,3.61,3.96,4.2,5.1,2.12
C 99,2010,C,Stream,Embarras,f,0,34.54,5.63,3.84,4.59,4.8,4.22,4,3.9,2.39
C 100,2010,C,Stream,Embarras,m,0,33.99,5.6,4.38,4.18,4.2,4.19,3.6,3.7,2.54
C 150,2010,C,Stream,Embarras,m,0,24,3.7,2.1,2.2,3.2,2.7,2.3,2.8,1.4
C 151,2010,C,Stream,Embarras,m,0,24.4,3.5,3.2,2.7,3,3.9,2.2,2.8,1.8
c 85,2010,C,Stream,Embarras,m,0,23.7,3.3,3.1,2.18,2.7,2.74,4.5,4.6,1.72
C 87,2010,C,Stream,Embarras,m,0,39.2,6.7,4.3,4.72,5.14,5.13,6,5.4,2.76
C 98,2010,C,Stream,Embarras,m,0,27.17,4.23,3.87,3.16,3.5,3.17,2.7,3,1.73
C 82,2010,C,Stream,Embarras,m,1,54.8,10.7,6.5,7.18,7.7,7.53,8.8,9.6,3.46
C 83,2010,C,Stream,Embarras,m,1,48.8,9.5,5.3,6.26,6.57,6.3,7.1,7.7,3.16
CL111,2010,CL,Lake,Sangamon,f,0,38.1,7,4.6,2.6,5,4.7,5.5,5.2,3.6
CL114,2010,CL,Lake,Sangamon,f,0,34,5.8,3.8,3.3,4.1,4.4,5,4.7,2.2
CL127,2010,CL,Lake,Sangamon,f,0,31.2,6.2,4.37,4.32,4.45,4.1,4.2,3.8,2.4
CL131,2010,CL,Lake,Sangamon,f,0,34.9,6.6,4.18,4.4,4.23,4.1,4.8,4.2,2.2
CL132,2010,CL,Lake,Sangamon,f,0,32.9,5.8,3.8,3.4,3.8,4.2,4.9,4.7,2.3
CL1,2010,CL,Lake,Sangamon,f,1,41.4,8.9,4.9,3.8,4.7,5,5.7,6,3.7
CL124,2010,CL,Lake,Sangamon,f,1,33.5,7.9,3.8,2.8,4,4.5,4.9,4.7,2
CL4,2010,CL,Lake,Sangamon,f,1,39.1,6.4,4.6,3.9,4.3,4,5.7,5.1,3.3
CL7,2010,CL,Lake,Sangamon,f,1,33.1,5.9,4,2,3.5,4.1,4.9,4.3,2.2
CL8,2010,CL,Lake,Sangamon,f,1,32.5,5.6,3.3,2.9,3.6,4.1,4.9,4.5,2.2
CL117,2010,CL,Lake,Sangamon,m,0,34.2,5.9,4,3.1,4.4,4.2,4.9,4.8,2.8
CL118,2010,CL,Lake,Sangamon,m,0,34.6,7,3.2,4.8,4.92,4.5,4.9,4,2.4
CL119,2010,CL,Lake,Sangamon,m,0,32.9,6.5,3.93,4.4,4.48,4.5,4.4,4.2,2.3
CL125,2010,CL,Lake,Sangamon,m,0,31.4,6.3,4.22,4.23,5.42,4.6,4.8,3.6,2.2
CL126,2010,CL,Lake,Sangamon,m,0,37.8,7.6,4.9,4.5,4.8,4.9,5.6,5.2,2.7
CL129,2010,CL,Lake,Sangamon,m,0,33.7,6.5,3.63,3.64,4,4.8,4.5,4.3,2.3
CL130,2010,CL,Lake,Sangamon,m,0,37.7,7.7,5.1,4.2,4.7,4.9,5.3,5.2,2.5
CL133,2010,CL,Lake,Sangamon,m,0,33.1,5.8,4.18,4.55,5.48,4.3,3.9,4.2,2.2
CL134,2010,CL,Lake,Sangamon,m,0,29.3,5.5,3.3,2.8,3.9,3.8,4.6,4.5,2.4
CL135,2010,CL,Lake,Sangamon,m,0,32.9,6.4,4.18,5.4,6.2,4.5,4.3,4,2.7
CL110,2010,CL,Lake,Sangamon,m,1,36.4,8.9,4.5,3.2,4.7,4.6,5.3,5.4,2.8
CL112,2010,CL,Lake,Sangamon,m,1,41.4,8.1,5.2,4.5,5.7,5.6,5.7,5.5,2.7
CL113,2010,CL,Lake,Sangamon,m,1,31.8,5.4,3.56,4.08,5.14,3.8,4.2,3.7,2.4
CL115,2010,CL,Lake,Sangamon,m,1,38.4,8.1,4.88,5.64,5.59,5.3,5.7,4.8,2.5
CL116,2010,CL,Lake,Sangamon,m,1,37,7,4.51,4.52,5.02,4.9,5.7,4.3,2.5
CL120,2010,CL,Lake,Sangamon,m,1,38,7.6,4.6,3.7,4.7,4.8,5.5,4.9,2.6
CL121,2010,CL,Lake,Sangamon,m,1,35.6,6.4,4.46,4.57,6.28,4.5,4.5,4,2.1
CL122,2010,CL,Lake,Sangamon,m,1,31,7.8,4.5,3.8,4.5,4.8,5.4,5.1,2.5
CL123,2010,CL,Lake,Sangamon,m,1,35.9,6.8,4.44,5.82,5.02,4.7,4.8,4,2.6
CL128,2010,CL,Lake,Sangamon,m,1,34.8,7.1,4.68,4.12,4.29,4.8,4.6,4.1,2.4
CL2,2010,CL,Lake,Sangamon,m,1,38.8,7.1,4.2,3.2,5.4,4.6,5.5,4.8,2.6
CL3,2010,CL,Lake,Sangamon,m,1,39,7.9,5,3.5,4.8,5.3,5.9,5.8,2.7
CL5,2010,CL,Lake,Sangamon,m,1,39.9,7.4,4.4,4.2,4.7,5.1,5.4,5.3,3.1
CL6,2010,CL,Lake,Sangamon,m,1,40,8.2,4.4,3.7,5,5.9,5.7,5.2,3.8
CL9,2010,CL,Lake,Sangamon,m,1,42,8.3,4.9,4.8,4.7,4.7,5.5,5.4,2.8
1- first and windsor,2010,FW,Lake,Embarras,f,0,30.16,5.15,3.56,2.3,3.3,3.5,3.3,3.3,2.03
18- first and windsor,2010,FW,Lake,Embarras,f,0,32.12,5.21,3.4,3.5,3.7,3.8,3.6,3.6,2.24
1W 200,2010,FW,Lake,Embarras,f,0,35.3,5.8,3.6,3.1,4.1,4.1,4.1,4,2.2
2- first and windsor,2010,FW,Lake,Embarras,f,0,30.71,5.29,2.8,3.32,4.4,3.43,3.2,3.6,2.64
26- first and windsor,2010,FW,Lake,Embarras,f,0,32.38,5.28,3.14,3.98,3.8,3.8,3.5,3.6,2.4
5- first and windsor,2010,FW,Lake,Embarras,f,0,37.52,7.07,4.14,4.3,5.01,4.66,4.4,4.5,2.69
ICH08-040,2008,FW,Lake,Embarras,f,0,22.4,4.5,3,2.5,3.3,3.8,2.8,4.3,2.1
ICH08-041,2008,FW,Lake,Embarras,f,0,23.8,5,3,2.7,3.9,4.2,2.2,4.7,2.1
ICH08-043,2008,FW,Lake,Embarras,f,0,29.2,6.7,4.2,5,4.9,5.5,3,5.6,2.4
ICH08-046,2008,FW,Lake,Embarras,f,0,30.1,6.5,4.3,4,4,5.8,3,5.7,2.7
ICH08-047,2008,FW,Lake,Embarras,f,0,24.2,5.3,3.4,3.8,4.4,4.8,2.3,4.4,2
ICH08-048,2008,FW,Lake,Embarras,f,0,29.9,6.4,4.1,4.4,4.7,5.5,3.2,5.3,2.5
ICH08-051,2008,FW,Lake,Embarras,f,0,30.8,6.7,4.2,4.8,6.2,5.3,2.5,6.5,2.6
ICH08-053,2008,FW,Lake,Embarras,f,0,29.8,6.5,4.3,4.4,4.7,5.4,3.1,5.7,2.6
ICH08-054,2008,FW,Lake,Embarras,f,0,20.4,4.2,2.7,3,3.8,4.1,1.7,4,1.9
ICH08-056,2008,FW,Lake,Embarras,f,0,28.1,6.5,4,4.1,4.7,5.5,2.8,5.3,2.5
10- first and windsor,2010,FW,Lake,Embarras,f,1,40.25,7.34,4.04,4.3,4.2,4.91,5,4.6,2.76
1W 203,2010,FW,Lake,Embarras,f,1,33.9,5.4,3.6,3,4.2,3.9,3.4,3.9,2.5
ICH08-055,2008,FW,Lake,Embarras,f,1,31,6.9,4.2,4.1,5.3,5.6,3.1,5.9,2.6
13- first and windsor,2010,FW,Lake,Embarras,m,0,32.95,5.52,3.82,4.16,4.6,4.16,3.6,3.7,2.33
14- first and windsor,2010,FW,Lake,Embarras,m,0,40.01,7.13,4.68,4.82,5.19,5.32,4.8,4.6,2.6
15- first and windsor,2010,FW,Lake,Embarras,m,0,29.86,4.82,3.13,3.56,4.2,3.43,3.4,3.6,1.98
1W 202,2010,FW,Lake,Embarras,m,0,31,5,3.4,2.5,3.7,3.8,3.3,4,2.3
1W 204,2010,FW,Lake,Embarras,m,0,27.4,4.2,3,2.4,3.2,3,2.4,3.1,1.9
25- first and windsor,2010,FW,Lake,Embarras,m,0,37,6.48,3.43,3.9,4.64,4.2,4,4.4,2.59
first and windsor - 14,2010,FW,Lake,Embarras,m,0,32.65,5.78,3.46,3.94,4.6,3.74,4.1,3.8,2.3
first and windsor 13,2010,FW,Lake,Embarras,m,0,28.54,4.55,2.93,3.58,3.6,3.21,3,3.7,2.17
first and windsor 16,2010,FW,Lake,Embarras,m,0,31.2,4.92,3.27,3.82,3.6,3.49,3.4,3.6,2.01
first and windsor 17,2010,FW,Lake,Embarras,m,0,28.36,4.32,2.83,3.42,2.9,3.42,3,2.9,2.2
ICH08-042,2008,FW,Lake,Embarras,m,0,22.7,4.4,3.1,2.5,3.4,4,2.9,4.2,1.9
ICH08-045,2008,FW,Lake,Embarras,m,0,29.9,4.5,4.3,4.1,4.7,5.2,2.8,5.6,2.6
ICH08-049,2008,FW,Lake,Embarras,m,0,32.4,7.9,4.6,5.1,5.9,6.3,3.2,6,3.1
ICH08-050,2008,FW,Lake,Embarras,m,0,31.2,7.1,4.2,5,5.8,5.5,2.8,6,2.5
ICH08-057,2008,FW,Lake,Embarras,m,0,15.3,3.1,2,2,2.7,2.7,1.6,3,1.6
ICH08-058,2008,FW,Lake,Embarras,m,0,29.2,6.6,4,4.2,5,5.7,3.4,5.4,2.1
ICH08-044,2008,FW,Lake,Embarras,m,1,31.6,7.5,4.5,4.9,5.7,6.5,3.1,6.2,2.9
ICH08-052,2008,FW,Lake,Embarras,m,1,33.8,8.1,4.9,5.8,6.4,6.1,3.2,6.4,2.5
ICH08-084,2008,HD,Lake,Vermilion,f,0,29.1,6.5,4.3,3.8,5.9,5.6,3.3,6.2,2.9
ICH08-085,2008,HD,Lake,Vermilion,f,0,31.8,6.9,4.7,5.4,5.5,5.5,3.7,6.2,2.9
ICH08-086,2008,HD,Lake,Vermilion,f,0,31,7.8,5.1,5.7,6.4,6.3,3.8,6.4,2.8
ICH08-087,2008,HD,Lake,Vermilion,f,0,24.8,4.9,3.5,3.5,4.3,4.7,5.3,5.1,2.5
ICH08-092,2008,HD,Lake,Vermilion,f,0,18.1,3.6,2.3,2.7,3.8,3.3,2.3,4,1.9
ICH08-091,2008,HD,Lake,Vermilion,f,1,29.1,6.4,4.2,4.7,5.2,5.5,3.5,5.6,2.7
ICH08-083,2008,HD,Lake,Vermilion,m,0,27.2,6,3.6,4.6,4.7,5,3.3,5.1,2.5
ICH08-088,2008,HD,Lake,Vermilion,m,0,34.4,8,4.7,5.1,6.2,6.2,3.5,6.1,2.9
ICH08-089,2008,HD,Lake,Vermilion,m,0,30.1,7.3,4.6,4.7,6.4,5.6,3.5,6,2.8
ICH08-090,2008,HD,Lake,Vermilion,m,0,30,6.1,4.3,4.9,5.6,5.7,3.5,5.7,2.7
29- HL,2010,HL,Lake,Vermilion,f,0,32.66,4.71,3.3,3.02,3.9,3.92,3.2,3.7,2.51
46- HL,2010,HL,Lake,Vermilion,f,0,30.81,4.78,3.56,3.66,4.3,3.67,2.9,3.4,2.36
54- HL,2010,HL,Lake,Vermilion,f,0,24.07,3.66,2.5,2.2,3.21,3.06,2.4,2.9,1.92
HL 109,2010,HL,Lake,Vermilion,f,0,32.4,5.4,3.63,3.91,4.34,4.2,3.9,3.9,2.4
HL 111,2010,HL,Lake,Vermilion,f,0,28.4,4.9,3.16,3.75,3.62,3.6,3.5,3.5,2.1
HL 56,2010,HL,Lake,Vermilion,f,0,37.38,6.05,4.22,3.84,4.47,4.83,4.3,4.5,2.79
ICH08-030,2008,HL,Lake,Vermilion,f,0,25.7,5.4,3.6,3.7,4.4,4.5,2.6,5,2.6
ICH08-032,2008,HL,Lake,Vermilion,f,0,22.7,5,3.1,2.7,4.3,3.9,2.6,4.4,2.1
ICH08-034,2008,HL,Lake,Vermilion,f,0,30.5,6.2,4,4.4,4.7,5,3.4,6.5,2.6
ICH08-035,2008,HL,Lake,Vermilion,f,0,29.4,6.3,4.1,3.9,5.4,5,3.1,3.4,2.9
ICH08-036,2008,HL,Lake,Vermilion,f,0,32,7,4.5,5.3,5.4,5.8,3.7,5.8,3.1
ICH08-037,2008,HL,Lake,Vermilion,f,0,24.2,5.6,3.5,3.3,4.5,4.5,2.6,4.4,2.3
ICH08-038,2008,HL,Lake,Vermilion,f,0,18.1,3.6,2.3,2,3.2,3.1,2.1,3.6,1.9
ICH08-039,2008,HL,Lake,Vermilion,f,0,18.8,3.7,2.8,2.5,3.7,3.1,2,3.8,1.7
50- HL,2010,HL,Lake,Vermilion,f,1,37.08,5.85,4.72,4.08,4.31,4.68,4.3,4.2,2.77
HL 110,2010,HL,Lake,Vermilion,f,1,35,5.8,3.6,3.6,4.3,4.4,4.3,4.3,2.7
HL105,2010,HL,Lake,Vermilion,f,1,34.5,6.2,3.98,3.99,5.23,4.9,4.6,4.5,2.7
HL107,2010,HL,Lake,Vermilion,f,1,37.9,6.3,4.53,4.57,5.09,4.8,4.9,4.6,2.7
30- HL,2010,HL,Lake,Vermilion,m,0,27.75,4.22,3.48,2.7,4.11,3.65,2.9,3.5,2.1
34- HL,2010,HL,Lake,Vermilion,m,0,39.92,6.72,4.66,4.63,5.72,5.26,4.8,4.9,2.91
38- HL,2010,HL,Lake,Vermilion,m,0,36.49,5.85,4.02,4.03,5.16,4.76,4,4.5,2.5
44- HL,2010,HL,Lake,Vermilion,m,0,34.01,5.05,4.5,3.87,4.3,4.51,3.8,4,2.59
48- HL,2010,HL,Lake,Vermilion,m,0,37.38,5.56,3.83,4.18,3.8,4.44,3.6,4.3,2.79
HL 112,2010,HL,Lake,Vermilion,m,0,24.1,3.9,2.74,2.54,3.37,3.1,2.9,2.8,1.9
HL 113,2010,HL,Lake,Vermilion,m,0,29,5,2.7,2.8,3.8,3.8,3.5,3.7,2.2
HL 59,2010,HL,Lake,Vermilion,m,0,29.61,4.94,3.27,2.73,3.81,3.96,3,3.7,2.05
HL 60 ,2010,HL,Lake,Vermilion,m,0,22.4,3.19,1.99,2.7,2.3,2.86,2.3,2.6,1.94
HL102,2010,HL,Lake,Vermilion,m,0,26.1,4.8,2.62,2.98,3.7,3.66,3.1,3.4,2.1
HL103,2010,HL,Lake,Vermilion,m,0,20.5,2.84,2.19,2.58,2.58,2.77,2.5,2.3,1.8
HL104,2010,HL,Lake,Vermilion,m,0,28.6,4.7,3.08,3.28,4.22,4.13,3.3,3.8,2.2
ICH08-029,2008,HL,Lake,Vermilion,m,0,35.2,7.7,5.1,5.5,6.8,6,3.8,6.2,3.1
ICH08-031,2008,HL,Lake,Vermilion,m,0,30.9,6.8,4.3,4.8,5.7,5.3,3.2,5.6,3.1
ICH08-033,2008,HL,Lake,Vermilion,m,0,27.9,6.2,3.7,4.4,5.5,4.8,2.8,5,2.7
HL 108,2010,HL,Lake,Vermilion,m,1,37.4,7.2,4.46,4.78,5.73,5.3,4.6,5.1,2.8
HL 58,2010,HL,Lake,Vermilion,m,1,42.24,7.83,5.6,4.61,5.82,5.71,5.1,5.2,3.12
HL101,2010,HL,Lake,Vermilion,m,1,44.8,7.9,5.52,5.78,6.5,5.94,4.81,6.41,3.28
HL106,2010,HL,Lake,Vermilion,m,1,34.45,5.98,3.98,3.62,4.58,4.67,4.2,4,2.8
ICH08-028,2008,HL,Lake,Vermilion,m,1,43.7,11.3,7,7.2,8.6,8.4,4.5,7.6,4
HP 15,2010,HP,Stream,Vermilion,f,0,22.6,3.72,2.85,3.51,3,3.27,3.3,3.4,1.84
HP 16 ,2010,HP,Stream,Vermilion,f,0,31.88,5.42,3.52,4.48,4.4,4.22,3.7,3.6,2.4
HP 9,2010,HP,Stream,Vermilion,f,0,26.98,4.42,2.84,3.54,3.8,3.57,4.3,3.1,2.04
HP 20,2010,HP,Stream,Vermilion,f,1,47.72,8.8,6.08,6.82,5.9,6.81,6.8,5.9,3.01
HP 5,2010,HP,Stream,Vermilion,f,1,56.77,10.48,7.25,7.7,7,7.4,8.1,6.4,3.56
HP 11,2010,HP,Stream,Vermilion,m,0,36.72,6.46,4.14,4.71,5.6,4.64,4.4,4.6,2.6
HP 13 ,2010,HP,Stream,Vermilion,m,0,30.74,5.38,3.69,4.14,4.4,3.85,3.7,3.8,2.38
HP 17,2010,HP,Stream,Vermilion,m,0,28.4,3.91,2.78,3.68,3.3,3.1,2.8,3.1,1.77
HP 18,2010,HP,Stream,Vermilion,m,0,26.86,4.01,2.78,4.69,3.6,3.2,2.8,2.9,1.88
HP 19,2010,HP,Stream,Vermilion,m,0,31.37,4.73,3.49,5.91,3.7,3.66,3.9,3.4,2.23
HP 7,2010,HP,Stream,Vermilion,m,0,32.78,5.38,3.86,4.26,4.5,4.34,3.8,4,2.55
HP 8,2010,HP,Stream,Vermilion,m,0,26.57,4.02,2.82,3.52,3.6,3.01,3.9,3.1,1.9
HP 10,2010,HP,Stream,Vermilion,m,1,48.74,9.88,6,7.2,7.2,6.66,6.8,5.8,3.29
HP 12,2010,HP,Stream,Vermilion,m,1,35.32,6.12,3.98,4.78,5.3,4.66,4.3,4,2.49
HP 14,2010,HP,Stream,Vermilion,m,1,46.15,9.42,6.08,7.48,6.7,6.67,6,5.3,3.1
HP 2,2010,HP,Stream,Vermilion,m,1,47.07,9.84,6.39,7.1,6.9,6.59,6.4,5.9,3.34
HP 3,2010,HP,Stream,Vermilion,m,1,56.65,11.99,7.81,8.61,8.9,7.74,7.7,6.5,3.68
HP 4,2010,HP,Stream,Vermilion,m,1,48.74,9.85,6.49,7.42,7.6,6.51,6.4,5.8,3.21
HP 6,2010,HP,Stream,Vermilion,m,1,54.89,11.37,7.89,8.16,8.2,7.74,7.5,6.5,3.6
KC 12,2010,KC,Stream,Sangamon,f,0,29.4,4.6,3.3,2.4,3.3,3.5,3.3,3.1,1.9
KC 14,2010,KC,Stream,Sangamon,f,0,28.8,4.3,2.6,2,2.8,3.2,3.1,3.2,1.9
KC 15,2010,KC,Stream,Sangamon,f,0,22.7,3.5,2.5,1.7,2.4,2.7,2.3,2.2,1.6
KC 30,2010,KC,Stream,Sangamon,f,0,32.4,5.1,3.8,3.1,4.1,3.9,3.6,4.1,2.2
KC 31,2010,KC,Stream,Sangamon,f,0,32.5,5.8,3.8,3.3,4.1,4.3,4.1,3.5,2
KC 33,2010,KC,Stream,Sangamon,f,0,25.5,4,2.4,1.8,3,2.9,2.5,3,1.9
KC 36,2010,KC,Stream,Sangamon,f,0,23.5,3.6,2.5,1.9,2.8,2.7,2.5,2.5,1.6
KC 38,2010,KC,Stream,Sangamon,f,0,30.3,5,3.5,2.3,3.7,3.5,3.2,3.6,2
KC 40,2010,KC,Stream,Sangamon,f,0,29.7,4.7,3,2.9,3.7,3.5,3.1,3.3,2
KC 41,2010,KC,Stream,Sangamon,f,0,34.4,5.6,3.6,2.5,4.1,3.9,4,3.9,2
KC 42,2010,KC,Stream,Sangamon,f,0,32,5.5,3.2,3,3.8,3.8,3.5,3.5,2.1
KC 43,2010,KC,Stream,Sangamon,f,0,22.1,3.4,2.2,1.3,2.8,2.4,2,2.5,1.4
KC 8,2010,KC,Stream,Sangamon,f,0,22.6,3.5,2.2,1.5,2.7,2.6,2.3,2.4,1.7
KC 9,2010,KC,Stream,Sangamon,f,0,35.9,6.6,4,3.5,4.8,4.6,4.4,4.3,2.4
KC 13,2010,KC,Stream,Sangamon,f,1,31.7,5.3,3.6,2.8,4.1,3.4,3.6,3.3,2
KC 18,2010,KC,Stream,Sangamon,f,1,32.4,5.4,3.4,3,3.9,3.8,3.7,3.7,2.1
KC 19,2010,KC,Stream,Sangamon,f,1,33.9,5.7,3.8,2.9,3.8,4.1,3.7,3.8,2.2
KC 22,2010,KC,Stream,Sangamon,f,1,34.6,5.8,3.8,3.2,4.4,4.3,3.8,3.9,2.4
KC 23,2010,KC,Stream,Sangamon,f,1,34.7,5.7,3.9,3.2,3.9,4.2,4,3.8,2.2
KC 24,2010,KC,Stream,Sangamon,f,1,34.4,5.7,3.8,3.1,4.6,4.5,4.1,3.9,2.3
KC 28,2010,KC,Stream,Sangamon,f,1,32.7,5.7,4.8,3.4,4.2,3.9,4.2,3.8,2
KC 37,2010,KC,Stream,Sangamon,f,1,33.4,5.4,3.6,2.8,4.4,3.9,3.7,3.8,2.1
KC 4,2010,KC,Stream,Sangamon,f,1,31.7,4.9,3.3,2.7,3.6,3.9,3.3,3.5,1.9
KC 10,2010,KC,Stream,Sangamon,m,0,34.4,5.5,3.7,3.8,4.3,4.5,3.9,4.1,2.5
KC 11,2010,KC,Stream,Sangamon,m,0,31.1,4.5,3.3,2.3,3.7,3.8,3.4,3.4,2.3
KC 17,2010,KC,Stream,Sangamon,m,0,29.7,4.7,3.4,2.6,3.4,3.6,3.1,3.2,2
KC 20,2010,KC,Stream,Sangamon,m,0,34.2,5.7,3.8,2.8,3.8,4.2,3.4,3.6,2.2
KC 25,2010,KC,Stream,Sangamon,m,0,32.5,5.4,3.6,3,4.2,3.9,3.5,3.3,2.2
KC 26,2010,KC,Stream,Sangamon,m,0,27.8,4.4,2.7,2.1,3.6,3.5,2.7,3.3,2
KC 29,2010,KC,Stream,Sangamon,m,0,30.9,5.1,3.6,2.8,4.3,3.9,3.3,3.6,2
KC 32,2010,KC,Stream,Sangamon,m,0,30.4,5.2,3.3,2.8,3.6,3.7,3.9,3.9,2.2
KC 34,2010,KC,Stream,Sangamon,m,0,26.7,4.5,2.9,2.2,3.5,3.2,3,3.1,2
KC 35,2010,KC,Stream,Sangamon,m,0,30.8,5.1,3.3,2.2,3.9,3.6,3.1,3.4,2.1
KC 39,2010,KC,Stream,Sangamon,m,0,30.7,5.1,3.5,2.8,3.5,3.7,3.6,3.5,2
KC 44,2010,KC,Stream,Sangamon,m,0,22.1,3.4,2.5,1.3,2.5,2.6,2,2.4,1.9
KC 6,2010,KC,Stream,Sangamon,m,0,31.8,5.4,3.4,2.8,4.1,5,4.1,3.7,2.3
KC 1,2010,KC,Stream,Sangamon,m,1,36.3,6.6,4,4.3,4.7,4.7,4,4.4,2.4
KC 16,2010,KC,Stream,Sangamon,m,1,36.4,6.3,4.2,4,4.5,4.5,4.2,4,2.1
KC 2,2010,KC,Stream,Sangamon,m,1,34,5.9,3.9,3.8,4.3,4.4,3.8,3.9,2.3
KC 27,2010,KC,Stream,Sangamon,m,1,32.9,5.4,3.8,3.2,4.5,4,3.7,3.9,2.1
KC 3,2010,KC,Stream,Sangamon,m,1,33.1,5.6,3.4,3.2,4.1,3.9,4,3.9,2.3
ICH08-064,2008,Kick,Lake,Vermilion,f,0,25.7,5.5,3.4,4.1,5,4.6,3,5.1,2.7
ICH08-070,2008,Kick,Lake,Vermilion,f,0,23.8,4.8,3.4,3.5,4.6,4.4,3,4.8,2.7
ICH08-124,2008,Kick,Lake,Vermilion,f,1,21.8,4.4,3,3.2,4.3,4,2.1,4.2,1.7
ICH08-126,2008,Kick,Lake,Vermilion,f,1,27.5,5.5,3.8,3.6,4.5,4.6,2.7,4.8,1.6
ICH08-127,2008,Kick,Lake,Vermilion,f,1,22.2,4.6,3,2,4.8,3.7,2.2,4.1,1.8
ICH08-067,2008,Kick,Lake,Vermilion,m,0,26.6,5.4,3.6,4.6,4.6,4.8,3,4.9,2.7
ICH08-068,2008,Kick,Lake,Vermilion,m,0,27.8,5.7,3.7,3.8,4.7,4.8,3,5.3,3
ICH08-069,2008,Kick,Lake,Vermilion,m,0,23.7,5.1,3.1,2.9,4.6,4.1,2.6,4.9,2.4
ICH08-122,2008,Kick,Lake,Vermilion,m,0,21.8,5.5,3.2,3.6,5.1,4.4,2,4.4,1.7
ICH08-123,2008,Kick,Lake,Vermilion,m,0,28.3,6,3.8,4.2,5.4,4.2,2.4,4.8,2.6
ICH08-125,2008,Kick,Lake,Vermilion,m,0,20.3,4.2,3,2.8,4.6,3.1,1.4,3.3,1.6
ICH08-066,2008,Kick,Lake,Vermilion,m,1,33,8.5,5.7,6.5,7.6,7.4,4,6.7,3.4
ICH08-120,2008,Kick,Lake,Vermilion,m,1,25.7,5.8,3.2,4.7,5.1,4.1,2,4.3,2
KNH 103,2010,KNH,Stream,Kaskaskia,f,0,27.2,4.2,3,3.48,3.49,3.47,4.1,5.7,1.83
KNH 200,2010,KNH,Stream,Kaskaskia,f,0,27.67,4.65,2.98,4.48,4.18,3.7,3,3.6,2
KNH 202,2010,KNH,Stream,Kaskaskia,f,0,21.3,3.54,2.27,2.73,4.71,2.7,2.2,2.7,1.7
KNH 203,2010,KNH,Stream,Kaskaskia,f,0,27,4.7,3,2.4,3.3,3.5,4.4,4.3,2
KNH 204,2010,KNH,Stream,Kaskaskia,f,0,25.5,4.56,3.06,3.96,3.56,3.8,3.1,3.5,1.9
KNH 205,2010,KNH,Stream,Kaskaskia,f,0,22.1,3.5,2.5,1.5,2.4,2.6,3.3,3.3,1.5
KNH 206,2010,KNH,Stream,Kaskaskia,f,0,22.1,3.8,2.64,3.68,3.94,2.8,2.4,3.2,1.9
KNH 96,2010,KNH,Stream,Kaskaskia,f,0,33.39,5.72,4.08,3.5,4,4.49,3.8,4,2.4
KNH 75,2010,KNH,Stream,Kaskaskia,f,1,57.94,11.74,7.2,6.57,5.5,8.16,7.9,6.7,3.54
KNH 78,2010,KNH,Stream,Kaskaskia,f,1,51.4,9,5.5,6.14,5.71,7.29,8.7,8.1,3.41
KNH 79 ,2010,KNH,Stream,Kaskaskia,f,1,59.8,10.8,6.6,7.32,7.96,8.22,9.6,9.6,3.58
KNH 80,2010,KNH,Stream,Kaskaskia,f,1,49.9,9.34,5.58,5.58,5.71,6.9,7.1,7.2,3.01
KNH 97,2010,KNH,Stream,Kaskaskia,m,0,29.31,5.02,3.33,3.66,4,3.87,3,3.1,2.25
KNH 76,2010,KNH,Stream,Kaskaskia,m,1,51.2,11.1,6.8,7.5,7.08,7.49,7.3,8.4,3.47
KNH 77,2010,KNH,Stream,Kaskaskia,m,1,50.3,10.2,5.7,6.1,7.3,6.73,8.7,7,3.13
KNH 81,2010,KNH,Stream,Kaskaskia,m,1,50.3,9.9,6.5,6.69,7.73,6.44,8.7,7.5,3.1
KP07,2010,KP,Lake,Kaskaskia,f,0,25.38,3.74,2.88,3.52,3.6,2.8,2.8,2.8,2.1
KP11,2010,KP,Lake,Kaskaskia,f,0,24,3.59,2.97,3.1,2.8,2.9,2.9,3.2,2.1
KP12,2010,KP,Lake,Kaskaskia,f,0,24.5,3.94,2.8,2.94,2.7,2.8,3.1,3.1,1.8
KP17,2010,KP,Lake,Kaskaskia,f,0,24.78,3.74,2.66,2.09,3.4,2.9,3,3.4,2.5
KP18,2010,KP,Lake,Kaskaskia,f,0,26.21,4.02,3,2.58,3.7,3.3,3.2,3.7,2.1
KP21,2010,KP,Lake,Kaskaskia,f,0,25.45,3.9,3.18,2.93,3.6,3.1,3.2,3.7,1.9
KP22,2010,KP,Lake,Kaskaskia,f,0,20.92,3.1,2.25,2.66,2.6,2.5,2.2,2.7,1.7
KP24,2010,KP,Lake,Kaskaskia,f,0,26.99,4.2,3.2,2.86,3.6,3.2,3.1,3.6,2.1
KP25,2010,KP,Lake,Kaskaskia,f,0,23.92,3.6,2.66,2.5,3.3,2.7,2.8,3.2,1.8
KP03,2010,KP,Lake,Kaskaskia,f,1,42,7.64,4.99,5.33,5.8,5.5,5.6,5,3.1
KP08,2010,KP,Lake,Kaskaskia,f,1,32.95,5.44,4.26,3.95,4.5,4.2,4.1,4.1,2.4
KP15,2010,KP,Lake,Kaskaskia,f,1,33.1,5.33,4.22,3.6,4.7,4.1,4.2,4.4,2.3
KP16,2010,KP,Lake,Kaskaskia,f,1,38.88,6.53,4.8,4.09,5.7,5.1,5,5.2,2.7
KP19,2010,KP,Lake,Kaskaskia,f,1,39.27,6.78,4.56,4.08,5.2,4.9,5.2,4.7,2.6
KP05,2010,KP,Lake,Kaskaskia,m,0,25.94,4.14,2.72,2.76,3.6,3.1,2.9,3.2,2.1
KP13,2010,KP,Lake,Kaskaskia,m,0,28.46,4.58,3.7,3.12,3.9,3.4,3.5,3.4,2.9
KP01,2010,KP,Lake,Kaskaskia,m,1,41.63,8.04,5.24,5.19,5.8,5.6,5.5,5.6,3.3
KP02,2010,KP,Lake,Kaskaskia,m,1,41.48,7.48,5.59,4.94,5.7,5.4,5.4,5.3,3.2
KP04,2010,KP,Lake,Kaskaskia,m,1,35.38,6.06,4.09,4.34,4.9,4.4,4.3,4.8,2.7
KP06,2010,KP,Lake,Kaskaskia,m,1,41.48,7.72,5.26,4.86,6,5.5,5.4,5.1,3.2
KP09,2010,KP,Lake,Kaskaskia,m,1,39.71,6.32,4.852,5.1,4.8,5,5,4.8,2.7
KP10,2010,KP,Lake,Kaskaskia,m,1,45.55,8.51,5.93,5.61,6.6,6.1,6.7,5.9,3.4
KP14,2010,KP,Lake,Kaskaskia,m,1,46.48,8.74,5.7,5.88,6.7,6.2,6,5.7,3.5
KP20,2010,KP,Lake,Kaskaskia,m,1,32.6,5.92,4.14,3.89,5.1,4.3,4.4,4.4,2.3
KP23,2010,KP,Lake,Kaskaskia,m,1,31.08,5.23,3.89,3.9,4.4,4,4,4.2,2.4
KT 102,2010,KT,Stream,Kaskaskia,f,0,36.8,6,3.5,4.1,4.51,4.37,5.2,5.2,2.5
KT 110,2010,KT,Stream,Kaskaskia,f,0,31.1,5.8,3.88,4.27,4.93,4.39,5,5.2,2.62
KT 112,2010,KT,Stream,Kaskaskia,f,0,26.5,4.4,2.7,2.9,4.06,3.9,3.1,3.5,2.32
KT 113,2010,KT,Stream,Kaskaskia,f,0,30.4,5,3.2,3.23,4,4.3,4.6,4.4,2.4
KT 115,2010,KT,Stream,Kaskaskia,f,0,29.6,4.69,3.33,4.48,4.1,3.88,4.2,4.2,2.18
KT 118,2010,KT,Stream,Kaskaskia,f,0,26.6,4.5,2.9,3.03,4.07,3.87,4.3,4,2.23
KT 72,2010,KT,Stream,Kaskaskia,f,0,44.6,7,4.4,4.44,4,4.99,6.1,7.6,2.66
KT 93,2010,KT,Stream,Kaskaskia,f,0,37.1,6.4,4.1,2.96,4.7,4.8,6.8,6.7,2.41
KT 94,2010,KT,Stream,Kaskaskia,f,0,38.3,5.2,3.3,3.71,3.4,4.31,5.6,5.1,2.46
KT 106,2010,KT,Stream,Kaskaskia,f,1,39.5,7,4.6,5,5.1,5.4,6,5.9,2.8
KT 116,2010,KT,Stream,Kaskaskia,f,1,39.5,7,4.6,4.9,5.5,5.9,5.9,5.5,3.5
KT 65,2010,KT,Stream,Kaskaskia,f,1,49.4,9.1,5,6.02,6.2,6.53,7.1,8,2.99
KT 104,2010,KT,Stream,Kaskaskia,m,0,32.6,5.5,3.59,3.95,4.55,4.38,4.5,5,2.36
KT 105,2010,KT,Stream,Kaskaskia,m,0,31.2,5.5,3.6,4.3,4,4.4,5.9,5.3,2.3
KT 107,2010,KT,Stream,Kaskaskia,m,0,32.2,6.5,3.4,4.1,4.7,4,5.1,4.9,2.3
KT 108,2010,KT,Stream,Kaskaskia,m,0,31.9,5.5,3.89,4.19,4.9,4.3,4.9,4.9,2.5
KT 109,2010,KT,Stream,Kaskaskia,m,0,32,5.3,3.5,4.5,4.8,4.4,4.6,4.9,2.3
KT 111,2010,KT,Stream,Kaskaskia,m,0,34.1,5.7,3.6,3.8,4.4,4.4,5,5.5,2.6
KT 114,2010,KT,Stream,Kaskaskia,m,0,34,6,3.9,4.36,5.08,5.3,5,4.7,2.52
KT 119,2010,KT,Stream,Kaskaskia,m,0,34.1,5.9,4,4.7,5,4.9,5.1,5.1,3.2
KT 120,2010,KT,Stream,Kaskaskia,m,0,31.9,5.33,3.6,4.27,4.28,4.39,4.7,4.7,2.27
KT 62,2010,KT,Stream,Kaskaskia,m,0,34.81,6.02,3.67,4.08,4.3,4.16,3.8,4.1,2.41
KT 64,2010,KT,Stream,Kaskaskia,m,0,33.1,5.51,3.46,4.02,4.8,4.26,4.9,5,2.28
KT 68,2010,KT,Stream,Kaskaskia,m,0,35.8,6.7,3.8,4.93,4.5,5.05,5.1,6.1,2.46
KT 70,2010,KT,Stream,Kaskaskia,m,0,40.1,7.8,4.8,4.8,5.17,5.58,6.1,6.2,2.74
KT 74,2010,KT,Stream,Kaskaskia,m,0,37,6.2,3.6,4.58,5.14,4.64,5.3,6.8,2.4
KT 103,2010,KT,Stream,Kaskaskia,m,1,38.8,7.4,4.6,5,6.8,5.4,6,5.9,2.8
KT 117,2010,KT,Stream,Kaskaskia,m,1,37.8,7.1,5.3,5.2,5.8,5.1,4.9,5,2.9
KT 92,2010,KT,Stream,Kaskaskia,m,1,41.7,7.5,4.5,6.45,5.96,5.55,6.1,6.2,2.69
LD 5,2010,LD,Lake,Sangamon,f,1,35.5,5.7,4,3.5,4.5,4.4,5.2,5.6,2.4
LD 8,2010,LD,Lake,Sangamon,f,1,32,5.5,3.9,4.5,4.5,4.1,3.8,4.3,2.4
LD 9,2010,LD,Lake,Sangamon,f,1,36,6.2,4,3.2,4.3,4.6,5.3,5.8,2.9
LD 11,2010,LD,Lake,Sangamon,m,0,31,5,3,2.4,2.7,3,4.2,4.2,2.2
LD 12,2010,LD,Lake,Sangamon,m,0,31,5.1,3,3.2,4.3,3.8,2.9,4.1,2.3
LD 6,2010,LD,Lake,Sangamon,m,0,24.5,3.8,2.4,2.3,4,2.9,2.4,3.1,2
LD 1,2010,LD,Lake,Sangamon,m,1,37.9,5.47,4.81,5.02,5.3,4.9,4,4.3,2.9
LD 10,2010,LD,Lake,Sangamon,m,1,32.4,5.1,3.3,4.5,5.3,4.1,3.4,3.8,2.5
LD 2,2010,LD,Lake,Sangamon,m,1,36.8,6.4,3.4,2.6,4.3,4.4,4.8,4.4,2.1
LD 4,2010,LD,Lake,Sangamon,m,1,33,5.3,3.8,3.3,4.3,4.1,5.1,5,2.5
LD 7,2010,LD,Lake,Sangamon,m,1,34,5.9,3.9,3.5,4.1,4,5,5.3,2.7
LL16,2010,LL,Lake,Vermilion,f,0,26.2,4,2.4,3.2,3.5,3.6,3.9,4.2,2.5
LL19,2010,LL,Lake,Vermilion,f,0,22,2.1,1.7,2.4,2.9,2.8,2.8,2.9,1.9
LL20,2010,LL,Lake,Vermilion,f,0,31.8,4.6,2.7,2.7,4.5,3.5,3.6,3.8,2.5
LL01,2010,LL,Lake,Vermilion,f,1,33.6,5,3.4,4.42,4.78,4.6,4.7,4.9,2.6
LL02,2010,LL,Lake,Vermilion,f,1,30.6,5,2.7,4.7,6.8,3.9,4.4,4.4,2.2
LL03,2010,LL,Lake,Vermilion,f,1,37,6.7,4.1,5,5.1,4.8,5.5,6,2.8
LL12,2010,LL,Lake,Vermilion,f,1,34.5,6.7,3.5,4.3,4.2,4.3,4.9,5.2,2.8
LL09,2010,LL,Lake,Vermilion,m,0,32.1,5.6,3.3,5.3,4.9,4.2,4.5,4.7,3
LL21,2010,LL,Lake,Vermilion,m,0,20.2,3.1,1.7,2.2,3.1,2.7,2.7,3.2,1.5
LL04,2010,LL,Lake,Vermilion,m,1,29.2,4.6,2.7,3.2,3.9,3.8,3.7,4.1,2.2
LL05,2010,LL,Lake,Vermilion,m,1,32.8,5.2,3.2,4.5,4.4,4.1,4.1,4.7,2.7
LL06,2010,LL,Lake,Vermilion,m,1,38.8,7.4,3.9,5.8,5.3,5.2,5.5,6,3
LL08,2010,LL,Lake,Vermilion,m,1,33.3,5.3,3.3,6.1,5.7,4,4.3,4.5,2.9
LL10,2010,LL,Lake,Vermilion,m,1,36,6.2,3.9,4.8,5.5,4.5,5.7,5.3,2.9
LL11,2010,LL,Lake,Vermilion,m,1,32.6,6.1,3.3,4.2,5.2,4.8,4.8,5.5,3.1
LL13,2010,LL,Lake,Vermilion,m,1,35.3,6.6,3.8,5.2,5.5,4.7,5.1,5.7,3.3
LL14,2010,LL,Lake,Vermilion,m,1,33.9,6,3.2,4.8,5.4,4.6,4.7,5.3,3
LL15,2010,LL,Lake,Vermilion,m,1,29,4.9,2.6,4.4,4.5,3.6,4,4.7,2.5
LL17,2010,LL,Lake,Vermilion,m,1,36.2,6.3,3.5,4.4,4.7,4.6,4.9,5.9,3.2
LL18,2010,LL,Lake,Vermilion,m,1,29.3,4.6,2.7,3.7,3.6,3.8,4,4.9,2.6
ICH08-016,2008,NY,Stream,Embarras,f,0,27,5.5,3.7,3.6,4.2,4.8,3.4,5.2,2.4
ICH08-017,2008,NY,Stream,Embarras,f,0,30.3,5.7,3.6,3.6,4.4,4.6,2.5,5.1,2.5
ICH08-018,2008,NY,Stream,Embarras,f,0,25,5.1,3.5,3.7,4.2,4.2,2.6,5.1,2.4
ICH08-023,2008,NY,Stream,Embarras,f,0,21.8,5.4,3.6,3.2,5.1,4.7,3,5.1,2.4
ICH08-024,2008,NY,Stream,Embarras,f,0,24.4,4.9,3.3,3.1,4.3,4.6,2.5,4.9,2.4
ICH08-025,2008,NY,Stream,Embarras,f,0,24.5,5.1,3.3,3.2,4.2,4.5,2.5,4.8,2.3
ICH08-027,2008,NY,Stream,Embarras,f,0,23.3,5,3.2,4.2,4.7,4.5,2.5,4.8,2.3
ICH08-109,2008,NY,Stream,Embarras,f,0,22,4.9,3.1,2.4,3.4,4.1,2.5,4.6,2.4
ICH08-110,2008,NY,Stream,Embarras,f,0,26.3,5.6,4,4,4.7,4.8,3.1,5.3,2.6
ICH08-112,2008,NY,Stream,Embarras,f,0,23.1,5.6,3.5,3.1,4,4.7,2.6,5,2.5
NY21,2010,NY,Stream,Embarras,f,0,32.5,5.7,3.6,4.2,4,4.1,4.6,4.3,2.5
ICH08-011,2008,NY,Stream,Embarras,f,1,44.9,10.2,6.5,6.5,6.6,8.2,5.7,7.1,3.6
ICH08-014,2008,NY,Stream,Embarras,f,1,40.2,9,5.9,5.6,5.7,7.9,5.4,7.6,3.4
ICH08-021,2008,NY,Stream,Embarras,f,1,43.8,9.6,5.9,6.3,6.6,8.1,5.2,7.8,3.4
ICH08-107,2008,NY,Stream,Embarras,f,1,41.2,8.9,5.9,5.7,5.8,8,5.2,7.8,3.5
ICH08-116,2008,NY,Stream,Embarras,f,1,39,8.2,5.5,5.2,6.4,7.2,4.7,7.3,3.6
NY08,2010,NY,Stream,Embarras,f,1,34.3,5.9,3.3,4.5,4.7,4.2,5.3,5.1,2.4
NY09,2010,NY,Stream,Embarras,f,1,35.4,6.3,3.7,4.6,4.7,4.5,5.1,4.9,2.6
NY11,2010,NY,Stream,Embarras,f,1,32.8,5.3,3.1,4,4,3.7,4.3,4.5,2.1
NY112,2010,NY,Stream,Embarras,f,1,31.5,5.18,3.56,3.73,4.2,3.8,4.1,4.3,2.4
NY19,2010,NY,Stream,Embarras,f,1,31.9,5.3,3.3,3.2,4.6,4.4,4.9,4.5,2.5
NY22,2010,NY,Stream,Embarras,f,1,33.2,5.4,3.4,4.9,4.6,4,4.5,4.3,2.2
ICH08-010,2008,NY,Stream,Embarras,m,0,21.2,4.3,2.6,2.3,3.3,3.9,2.2,4.1,2
ICH08-020,2008,NY,Stream,Embarras,m,0,36,8.2,5.1,6.2,6.2,6.8,4.2,6.7,3.6
ICH08-022,2008,NY,Stream,Embarras,m,0,24.6,5,3.4,3.8,4,4.6,2.4,4.9,2.4
ICH08-026,2008,NY,Stream,Embarras,m,0,22.6,4.8,3,3.5,4.9,4,2.5,4.5,2.2
ICH08-108,2008,NY,Stream,Embarras,m,0,25.2,5.5,3.4,3.5,4.6,5,2.5,5.2,2
ICH08-111,2008,NY,Stream,Embarras,m,0,25,5.7,3.8,3.7,5,4.8,3,5,2.4
ICH08-113,2008,NY,Stream,Embarras,m,0,22.2,4.8,3.1,3.5,4.2,4.5,2.1,4.6,2.1
ICH08-115,2008,NY,Stream,Embarras,m,0,23.5,5.1,3.5,3.3,4.3,4.4,2.4,3.7,2.5
ICH08-118,2008,NY,Stream,Embarras,m,0,27.7,6.2,3.9,4.1,4.9,5,2.9,6.4,2.6
NY103,2010,NY,Stream,Embarras,m,0,32.2,4.68,3.56,3.28,4.3,3.6,3.7,3.9,2
NY111,2010,NY,Stream,Embarras,m,0,30.68,5.22,3,2.98,4.3,4.2,4.7,4.4,2.1
NY114,2010,NY,Stream,Embarras,m,0,25.64,3.64,2.13,2.62,3.7,3.2,3.1,3,1.7
NY115,2010,NY,Stream,Embarras,m,0,27.66,4.52,2.94,2.58,3.8,3.3,3.7,3.8,2
NY20,2010,NY,Stream,Embarras,m,0,28.8,4.8,3.3,3.8,3.8,3.6,3.8,3.8,2.2
NY24,2010,NY,Stream,Embarras,m,0,25.8,4,2.7,2.4,4.3,3.5,3.6,3.3,2.3
NY25,2010,NY,Stream,Embarras,m,0,24.4,4,2.8,3.6,3.8,3.1,3.5,3.7,2
NY26,2010,NY,Stream,Embarras,m,0,26.8,4.2,2.9,3.9,4,3.2,3.4,3.8,1.6
ICH08-012,2008,NY,Stream,Embarras,m,1,43.5,11,6.5,7.4,7.9,8.2,5,7.6,3.8
ICH08-015,2008,NY,Stream,Embarras,m,1,40.5,10.7,6.3,7.1,7.5,8.5,5.3,7.8,3.5
ICH08-019,2008,NY,Stream,Embarras,m,1,38.8,9,5.9,5.9,7.3,7.7,4.7,7.2,3.1
ICH08-114,2008,NY,Stream,Embarras,m,1,25.2,5.7,3.6,3.3,4.6,4.8,3.8,5.1,2.5
ICH08-119,2008,NY,Stream,Embarras,m,1,44.3,11.2,6.3,7,8.3,8.7,5.6,8.2,4
NY03,2010,NY,Stream,Embarras,m,1,35.4,5.8,4.2,5.1,4.7,4.6,5.9,5.2,2.6
NY05,2010,NY,Stream,Embarras,m,1,33.6,5.5,3.1,4.3,5,5,5.5,4.9,2.5
NY07,2010,NY,Stream,Embarras,m,1,32.4,5.3,3.1,4.8,4.8,4.1,4.6,4.3,2.7
NY10,2010,NY,Stream,Embarras,m,1,29.8,5.1,2.9,4.6,4.4,3.9,4.4,4.4,2.2
NY100,2010,NY,Stream,Embarras,m,1,30.28,4.68,3.07,3.93,4.1,3.5,3.9,4,1.8
NY101,2010,NY,Stream,Embarras,m,1,33.91,5.95,4.11,4.34,4.6,4.4,4.9,4.5,2.4
NY102,2010,NY,Stream,Embarras,m,1,38.58,6.68,4.74,5,5.7,5,5.1,4.9,2.8
NY104,2010,NY,Stream,Embarras,m,1,35.8,6.17,4.02,3.74,4.4,4.8,5.5,4.4,2.3
NY105,2010,NY,Stream,Embarras,m,1,36.49,6.12,4.18,4.46,5.2,4.5,5.2,4.5,2.4
NY106,2010,NY,Stream,Embarras,m,1,36.34,6.59,4.75,4.48,5.3,4.8,4.8,4.8,2.4
NY107,2010,NY,Stream,Embarras,m,1,35.9,6.14,4.06,4.88,4.8,4.7,5.2,5.1,2.6
NY108,2010,NY,Stream,Embarras,m,1,31.72,5.41,3.78,3.78,4.5,4.1,3.9,4.3,2.4
NY109,2010,NY,Stream,Embarras,m,1,36.74,6.66,4.16,4.5,5.5,4.3,5,4.5,2.4
NY110,2010,NY,Stream,Embarras,m,1,32.18,5.5,3.82,3.92,4.1,3.8,3.9,4.1,2.3
NY113,2010,NY,Stream,Embarras,m,1,35.1,6.38,4.29,4.71,4.2,4.6,4.2,4.5,2.2
NY12,2010,NY,Stream,Embarras,m,1,32.6,5.5,3.1,4,4.1,4.5,5.2,5.1,2.4
NY13,2010,NY,Stream,Embarras,m,1,34.5,5.9,3.4,5.3,5.1,4.3,5.3,4.7,2.4
NY14,2010,NY,Stream,Embarras,m,1,36,6.6,4.4,5,4.8,4,5.5,5,2.7
NY15,2010,NY,Stream,Embarras,m,1,36.6,6.6,4,4.5,4.7,4.6,5.7,5.9,2.4
NY16,2010,NY,Stream,Embarras,m,1,36.4,6.4,4,4.7,5.9,4.9,5.1,4.9,2.7
NY17,2010,NY,Stream,Embarras,m,1,37,7,4.4,5,4.7,4.8,5.3,5.1,2.7
NY18,2010,NY,Stream,Embarras,m,1,37.1,6.5,4.3,4.9,5.1,5,5.2,5.1,2.6
NY23,2010,NY,Stream,Embarras,m,1,34.5,6.2,3.9,4.7,5.9,5,5,4.9,2.5
33- PT,2010,PT,Stream,Vermilion,f,0,21.61,3.15,2.09,2.31,2.82,2.5,1.8,2.7,1.61
35- PT,2010,PT,Stream,Vermilion,f,0,20.03,2.78,2.22,2.2,1.85,2.48,1.9,2.2,1.59
37- PT,2010,PT,Stream,Vermilion,f,0,26.87,3.91,2.48,2.6,3.98,3.36,2.9,3.6,1.85
39- PT,2010,PT,Stream,Vermilion,f,0,27.9,4.26,2.68,2.63,3.3,3.35,2.8,3.3,1.79
41- PT,2010,PT,Stream,Vermilion,f,0,32.29,4.9,3.6,4.02,4.4,3.93,3.2,3.8,2.31
45 PT,2010,PT,Stream,Vermilion,f,0,32.15,5.17,4.34,3.76,4,3.66,3.2,3.6,2.15
51- PT,2010,PT,Stream,Vermilion,f,0,30.58,4.62,3.73,3.01,3.62,3.72,3.6,3.4,2.19
53- PT,2010,PT,Stream,Vermilion,f,0,25.79,3.56,2.88,2.42,3.28,3.34,2.7,3.4,1.79
ICH08-008,2008,PT,Stream,Vermilion,f,0,13.8,2.6,1.8,1.7,1.6,2.2,1.4,2.2,1.5
PT 69,2010,PT,Stream,Vermilion,f,0,48.9,8,4.7,6.69,5.94,6.16,6.2,7,3.03
PT 71,2010,PT,Stream,Vermilion,f,0,51.2,8.99,5.66,6.1,5.74,6.64,7.3,7.3,2.91
PT103,2010,PT,Stream,Vermilion,f,0,34.1,5.3,3.1,3.8,3.5,4.2,3.8,3.5,2
PT108,2010,PT,Stream,Vermilion,f,0,33.5,5.2,3.3,3.5,3.9,3.9,4,3.7,1.8
PT109,2010,PT,Stream,Vermilion,f,0,27.8,4.6,2.9,3,3.6,3.5,3.3,3.1,1.8
ICH08-002,2008,PT,Stream,Vermilion,f,1,47.5,11.6,7,6.7,6.9,8.7,5.1,6.2,4.5
ICH08-005,2008,PT,Stream,Vermilion,f,1,42.7,9.1,6,6.2,6.8,7.3,5.4,6.5,3.2
ICH08-062,2008,PT,Stream,Vermilion,f,1,40.5,9.5,5.6,6.1,6.2,7.8,4.3,7.2,3
ICH08-063,2008,PT,Stream,Vermilion,f,1,36,8.2,5.2,6.4,6.1,6.6,4.2,7,3.1
PT 63,2010,PT,Stream,Vermilion,f,1,49.5,9.68,6.34,6.23,5.78,6.65,7.1,5.7,3.35
49- PT,2010,PT,Stream,Vermilion,m,0,27.18,4.19,2.9,3.06,3.67,3.51,2.7,3,1.72
55- PT,2010,PT,Stream,Vermilion,m,0,23.56,3.56,2.94,2.4,3.59,3.16,2.6,3,1.46
ICH08-007,2008,PT,Stream,Vermilion,m,0,14,2.7,1.9,1.4,1.7,2.5,1.6,2.2,1.7
PT 101,2010,PT,Stream,Vermilion,m,0,35.4,5.4,3.6,3.96,4.59,4.11,5.1,5.1,2.08
PT 57,2010,PT,Stream,Vermilion,m,0,24.59,3.58,2.44,2.52,3.29,3.05,2.6,3.1,1.79
PT 73,2010,PT,Stream,Vermilion,m,0,36.9,5.6,3.4,4.28,4.74,4.31,5,4.6,2.22
PT102,2010,PT,Stream,Vermilion,m,0,35.3,6.1,3.8,4.9,3.5,4.5,3.8,4,1.9
PT104,2010,PT,Stream,Vermilion,m,0,33.7,5.5,3.4,3.5,4.3,4.2,3.8,3.5,1.7
PT105,2010,PT,Stream,Vermilion,m,0,32.8,5.6,3.4,3.5,4.1,4.2,3.7,3.7,1.8
PT106,2010,PT,Stream,Vermilion,m,0,27.7,4.4,2.7,3,3.4,3.6,2.8,2.8,1.2
PT110,2010,PT,Stream,Vermilion,m,0,29.7,4.9,3.1,3.5,3.9,3.7,3.3,3.3,1.7
ICH08-001,2008,PT,Stream,Vermilion,m,1,42.7,10.2,5.8,7.2,7.6,7.3,3.8,5.4,3.5
ICH08-003,2008,PT,Stream,Vermilion,m,1,47,13,7.4,8.8,9.5,9.2,6,6.3,3.6
ICH08-006,2008,PT,Stream,Vermilion,m,1,44.4,10.8,6.2,7.2,7.2,8.3,4.8,4.6,3.2
ICH08-059,2008,PT,Stream,Vermilion,m,1,44.5,9.8,6.4,7.2,8.5,8,5,8,3.6
PT 61,2010,PT,Stream,Vermilion,m,1,56.1,11.7,6.8,7.37,7.22,7.84,8.3,8.1,3.24
PT 89,2010,PT,Stream,Vermilion,m,1,50.4,9.1,5.6,6.79,6.43,6.51,7.3,8.1,3.1
PT 90,2010,PT,Stream,Vermilion,m,1,52.2,9.3,6.1,6.78,7.1,7.21,7.6,7.4,3.2
PT 91,2010,PT,Stream,Vermilion,m,1,52.4,9.4,5.5,6.1,7,6.98,7.7,8,3.29
ICH08-095,2008,RS,Stream,Vermilion,f,0,21.1,5.5,3.5,4.1,4.5,4.7,2.7,5.1,2.4
ICH08-094,2008,RS,Stream,Vermilion,f,1,41.5,9.6,6.2,6.3,6.8,8,5,7.7,3.2
ICH08-105,2008,RS,Stream,Vermilion,f,1,39.4,8.3,5.7,6,7.1,6.9,5,7.5,3.4
ICH08-096,2008,RS,Stream,Vermilion,m,0,28.8,6.6,4.6,5.2,5.2,5.6,3.4,6.6,2.3
ICH08-100,2008,RS,Stream,Vermilion,m,0,20.2,4,2.6,2.8,4.1,3.6,2.1,4.1,1.8
ICH08-101,2008,RS,Stream,Vermilion,m,0,19,3.5,2.4,2.4,2.8,3.4,2.2,3.5,2
ICH08-103,2008,RS,Stream,Vermilion,m,1,39.4,10.2,6.6,6.6,7.2,8,4.9,7.8,4
SCF 55,2010,SCF,Stream,Sangamon,f,0,29.2,4.9,3.1,2.4,3.6,3.6,3,3.2,2
SCF16,2010,SCF,Stream,Sangamon,f,0,24.1,3.3,2.2,1.7,3.3,2.8,2.7,2.7,1.4
SCF17,2010,SCF,Stream,Sangamon,f,0,25.5,4.1,2.6,2.5,3,3.2,2.5,3.1,1.8
SCF24,2010,SCF,Stream,Sangamon,f,0,31.6,5.1,3.4,3.1,4.2,4,3.5,3.6,2.3
SCF27,2010,SCF,Stream,Sangamon,f,0,29.7,4.7,2.7,2.8,3,3.8,4,3.6,1.9
SCF30,2010,SCF,Stream,Sangamon,f,0,28.1,4.5,2.7,3.3,3.6,3.6,2.8,3.1,1.9
SCF31,2010,SCF,Stream,Sangamon,f,0,31.6,5.2,3.4,3,4,4.1,3.4,3.8,2
SCF32,2010,SCF,Stream,Sangamon,f,0,23.1,3.5,2.4,1.8,2.8,2.9,2.2,2.7,1.6
SCF33,2010,SCF,Stream,Sangamon,f,0,23.3,3.8,2.4,2.2,3.4,2.8,2.3,2.3,1.7
SCF57,2010,SCF,Stream,Sangamon,f,0,31.7,5.2,3.2,3,4.2,3.9,3.1,3.4,2.3
SCF58,2010,SCF,Stream,Sangamon,f,0,34.4,5.8,3.8,3.1,4.7,4.5,3.9,4.2,2.4
SCF59,2010,SCF,Stream,Sangamon,f,0,29.9,4.4,3,2.7,3.8,3.7,3.1,3.4,2.3
SCF6,2010,SCF,Stream,Sangamon,f,0,27.3,4.2,3,2.6,3.6,3.4,2.9,2.9,1.7
SCF73,2010,SCF,Stream,Sangamon,f,0,24,3,2.4,3.07,3.68,3,3.2,3.5,2.1
SCF74,2010,SCF,Stream,Sangamon,f,0,31.5,4.6,3.2,4.23,4.79,4.3,4.7,4.4,2.5
SCF75,2010,SCF,Stream,Sangamon,f,0,28,4.5,3,4.08,4.27,3.6,4.1,3.9,2.2
SCF 52,2010,SCF,Stream,Sangamon,f,1,39.8,6.8,4.8,4.3,5.1,5,4.4,4.9,2.6
SCF 53,2010,SCF,Stream,Sangamon,f,1,32.2,5.1,3.6,3.4,4.4,3.9,3.2,3.6,2.1
SCF1,2010,SCF,Stream,Sangamon,f,1,44.8,8.2,5.1,5.5,4.3,5.8,5.8,5.4,2.6
SCF10,2010,SCF,Stream,Sangamon,f,1,37,6.2,3.7,2.9,3.9,4.6,5.4,4.1,2.1
SCF2,2010,SCF,Stream,Sangamon,f,1,40.6,6.5,4.5,3.5,4.1,5.2,4.7,4.6,2.6
SCF4,2010,SCF,Stream,Sangamon,f,1,46.5,8.6,5.4,5.9,5.7,6.3,6,5.6,3
SCF60,2010,SCF,Stream,Sangamon,f,1,36.5,6,4,3.5,4.8,4.7,4.1,4.7,2.6
SCF62,2010,SCF,Stream,Sangamon,f,1,33.9,5.4,3.7,4.6,4.3,4.4,3.9,4.1,2.2
SCF 51,2010,SCF,Stream,Sangamon,m,0,31.2,5.3,3.4,3,4.8,3.9,3.7,3.8,2.2
SCF 54,2010,SCF,Stream,Sangamon,m,0,25.8,4.3,2.9,2.7,3.5,3.2,2.4,3.3,1.8
SCF 56,2010,SCF,Stream,Sangamon,m,0,31.9,5.1,3.2,3,4.4,3.9,3.4,3.9,2.1
SCF11,2010,SCF,Stream,Sangamon,m,0,25.1,4.4,2.8,2.6,3.1,3.4,2.5,2.7,1.6
SCF12,2010,SCF,Stream,Sangamon,m,0,31.8,5.8,4.4,3.8,4.1,4.4,3.4,3.5,2
SCF13,2010,SCF,Stream,Sangamon,m,0,22.7,3.5,2.4,2.3,3.4,2.8,2,2.2,1.2
SCF15,2010,SCF,Stream,Sangamon,m,0,29.4,5,3.3,3.5,4.9,3.9,3.1,3.4,1.9
SCF21,2010,SCF,Stream,Sangamon,m,0,26.5,4.3,2.6,2.7,3.3,3.3,2.7,3.3,1.7
SCF23,2010,SCF,Stream,Sangamon,m,0,24.6,3.8,2.3,2.4,3.6,3,2.4,2.5,1.8
SCF25,2010,SCF,Stream,Sangamon,m,0,26.8,4.3,2.9,3.3,3.3,3.7,3,3.5,1.7
SCF28,2010,SCF,Stream,Sangamon,m,0,33.3,5.9,3.8,3.3,4.9,4.2,3.5,4,2.1
SCF29,2010,SCF,Stream,Sangamon,m,0,27.7,4.7,2.9,3.1,4,3.5,2.8,3.4,1.9
SCF5,2010,SCF,Stream,Sangamon,m,0,24.8,3.5,2.4,1.8,2.2,2.9,3.2,2.3,1.5
SCF61,2010,SCF,Stream,Sangamon,m,0,28.8,4.7,2.9,2.7,3.9,3.3,2.9,3.3,2
SCF7,2010,SCF,Stream,Sangamon,m,0,24.3,3.9,2.1,1.8,2.8,3.1,3.4,2.9,1.5
SCF71,2010,SCF,Stream,Sangamon,m,0,25.1,3.6,2.5,3.42,3.79,3.2,3.4,3.4,1.8
SCF72,2010,SCF,Stream,Sangamon,m,0,25.8,3.4,2.6,3.48,3.66,3.4,3.3,3.3,2.1
SCF8,2010,SCF,Stream,Sangamon,m,0,23.9,3.6,2.4,2.5,2.9,2.8,2.2,2.2,1.3
SCF9,2010,SCF,Stream,Sangamon,m,0,25.4,4.4,2.8,2.8,3.5,3.2,4.7,2.9,1.6
SCF 50,2010,SCF,Stream,Sangamon,m,1,43,8.5,4.9,5.3,6.1,6.3,5.6,5.5,2.9
SCF14,2010,SCF,Stream,Sangamon,m,1,29.6,5.2,2.9,3.1,4.4,3.9,3.3,3.4,1.9
SCF18,2010,SCF,Stream,Sangamon,m,1,31.1,5.2,3,3.4,4.6,4.2,3.5,3.5,2.2
SCF19,2010,SCF,Stream,Sangamon,m,1,44.6,9.7,5.5,6.3,6.5,6.7,6,5.5,3.1
SCF20,2010,SCF,Stream,Sangamon,m,1,33.8,5.9,3.7,3.3,4.6,4.4,4,3.8,2.1
SCF22,2010,SCF,Stream,Sangamon,m,1,32.3,5.9,3.8,3.9,4.6,4.4,3.8,3.9,2.4
SCF26,2010,SCF,Stream,Sangamon,m,1,35.3,6.2,3.9,3.9,4.9,4.6,4,4.5,2.4
SCF3,2010,SCF,Stream,Sangamon,m,1,37.8,6.7,4.3,4.4,4.5,4.8,4.2,4,2.1
14- SF,2010,SF,Stream,Vermilion,f,0,39.53,7.14,4.76,5,4.9,4.76,4.7,4.4,2.84
15- SF,2010,SF,Stream,Vermilion,f,0,40.02,6.52,4.26,4.86,4.8,4.77,4.7,4.4,2.79
24- SF,2010,SF,Stream,Vermilion,f,0,40.36,7.07,4.05,4.53,5.2,4.37,5,4.5,2.86
27 SF,2010,SF,Stream,Vermilion,f,0,29.94,5.09,2.85,3.46,4.1,3.73,3.5,3.3,1.99
SF 17,2010,SF,Stream,Vermilion,f,0,33.18,5.03,3.18,3.78,3.9,3.69,3.8,3.5,2.21
SF- 19,2010,SF,Stream,Vermilion,f,0,32.94,5.21,3.56,3.72,3.7,3.73,3.7,3.6,2.3
SF- 20,2010,SF,Stream,Vermilion,f,0,31.5,4.88,3.06,3.65,4.4,3.42,3.5,3.6,2.1
SF 22,2010,SF,Stream,Vermilion,f,0,24.36,3.76,2.3,2.5,2.9,2.79,2.7,2.7,1.76
SF- 23,2010,SF,Stream,Vermilion,f,0,20.7,2.68,1.86,2.66,2.3,2.46,1.9,2.1,1.44
SF 824,2010,SF,Stream,Vermilion,f,0,27.24,3.86,2.25,3.38,3.6,2.89,2.5,2.9,1.68
11-SF,2010,SF,Stream,Vermilion,f,1,48.56,9.43,6.2,5.94,5.8,6.28,7.4,5.9,2.94
16- SF,2010,SF,Stream,Vermilion,f,1,44.43,7.69,4.53,4.7,4.6,5.06,5.6,5.2,2.59
ICH08-076,2008,SF,Stream,Vermilion,f,1,40.8,9.7,5.6,6.8,8,7.5,4.5,7.2,2.9
ICH08-080,2008,SF,Stream,Vermilion,f,1,42.1,9.8,6.1,6.2,7,7.8,5.1,8.1,3.3
SF 29,2010,SF,Stream,Vermilion,f,1,45.9,9.54,6.07,5.57,7,7.27,7.6,7.2,3.33
12-SF,2010,SF,Stream,Vermilion,m,0,29.83,5.22,2.78,3.23,3.3,3.4,3.4,3.1,2.24
13- SF,2010,SF,Stream,Vermilion,m,0,42.94,8.19,5.06,4.39,6.01,5.01,5.1,5,2.9
28- SF,2010,SF,Stream,Vermilion,m,0,33.01,5.7,3.4,4.98,3.8,3.9,3.7,3.8,2.06
SF 16,2010,SF,Stream,Vermilion,m,0,34.47,5.66,3.78,4.6,4.1,4.06,4.1,3.9,2.41
SF 18,2010,SF,Stream,Vermilion,m,0,33.97,5.75,3.7,4.34,4.2,4.09,4,3.4,2.3
SF 21,2010,SF,Stream,Vermilion,m,0,29.04,4.76,2.96,3.36,3.7,3.32,2.8,3,1.61
SF 30,2010,SF,Stream,Vermilion,m,0,31.8,4.9,3,4.6,4.3,4,4.5,4.5,1.8
SF 32,2010,SF,Stream,Vermilion,m,0,30,4.79,2.64,3.16,4.13,3.98,4.2,4.6,2.2
SF-10,2010,SF,Stream,Vermilion,m,0,29.77,4.6,2.77,3.62,3.5,3.18,3,3.5,1.82
SF-12,2010,SF,Stream,Vermilion,m,0,38.92,7.05,4.63,4.6,5.2,4.81,4.7,4.9,2.77
23- SF,2010,SF,Stream,Vermilion,m,1,39.36,6.94,4.84,4.48,5.6,4.64,5,4.5,2.58
ICH08-071,2008,SF,Stream,Vermilion,m,1,44.9,11.4,7.1,7.1,9,9.5,4.7,8.5,3.5
ICH08-073,2008,SF,Stream,Vermilion,m,1,36.4,9.8,6.2,5.9,7.5,7.9,4.5,7.4,2.8
ICH08-074,2008,SF,Stream,Vermilion,m,1,39.6,10.3,6.4,6.7,8.2,8.1,4.9,7.7,3.3
ICH08-077,2008,SF,Stream,Vermilion,m,1,38,9.8,6,6.8,7.5,7.6,4.6,7.3,3.2
ICH08-078,2008,SF,Stream,Vermilion,m,1,47.7,12.3,6.8,8.6,9,9.9,5.2,8.5,3.8
ICH08-079,2008,SF,Stream,Vermilion,m,1,38.1,9.5,6.3,6.6,7.7,8.2,4.5,7,3.1
ICH08-081,2008,SF,Stream,Vermilion,m,1,43.2,11.7,6.9,7.7,8.5,8.8,5.5,8.4,3.5
ICH08-082,2008,SF,Stream,Vermilion,m,1,39.9,9.9,6.1,7.4,8.1,7.7,4.8,7.4,3.3
sample 15- SF,2010,SF,Stream,Vermilion,m,1,53.8,10.12,6.55,7.6,8.3,8.59,6.6,6.8,3.64
SF-8,2010,SF,Stream,Vermilion,m,1,52.06,10.38,6.78,6.56,7.44,7.36,7.3,6.9,3
WSSP 2,2010,WSSP,Lake,Sangamon,f,0,37.3,5.9,3.7,4.58,4.6,4.53,5,5.1,2.59
WSSP 20,2010,WSSP,Lake,Sangamon,f,0,36.4,4.8,3.7,4.14,4.32,4.31,5.1,5,2.49
WSSP 25,2010,WSSP,Lake,Sangamon,f,0,31.5,5,3.2,3.06,3.94,3.84,4.7,4.3,2.51
WSSP 27,2010,WSSP,Lake,Sangamon,f,0,29.7,4.6,3,3.19,3.9,3.56,4.8,4.6,2.4
WSSP 30,2010,WSSP,Lake,Sangamon,f,0,31,4.6,3.8,3.88,3.82,3.54,4.4,4.3,2.38
WSSP 32,2010,WSSP,Lake,Sangamon,f,0,32.5,5,3.2,2.9,3.9,4.2,4.7,4.6,2.5
WSSP 33,2010,WSSP,Lake,Sangamon,f,0,27,4.06,2.81,3.72,4.4,3.65,3.9,4,2.32
WSSP 5,2010,WSSP,Lake,Sangamon,f,0,40.7,6.9,4.3,4.81,5.3,5.26,6,6.1,2.93
WSSP 8,2010,WSSP,Lake,Sangamon,f,0,34,5.3,3.3,3.69,3.7,4.01,5,5,2.47
WSSP 12,2010,WSSP,Lake,Sangamon,f,1,38.3,6.3,3.6,4.44,4.8,4.49,5.5,5.7,2.9
WSSP 13,2010,WSSP,Lake,Sangamon,f,1,41.1,7,4.6,4.76,5,5.03,6.8,6.2,2.65
WSSP 3,2010,WSSP,Lake,Sangamon,f,1,40.1,6.4,4,4.22,4.7,4.88,5.1,6,2.75
WSSP 9,2010,WSSP,Lake,Sangamon,f,1,49.8,8.4,5.2,6.16,6.3,6.2,6.9,7.1,3.11
WSSP 1,2010,WSSP,Lake,Sangamon,m,0,42.6,6.8,4.3,4.79,5,5.29,5.7,6.5,2.83
WSSP 14,2010,WSSP,Lake,Sangamon,m,0,42.9,7.2,4.6,5.04,5.64,5.22,5.5,5.9,2.98
WSSP 17,2010,WSSP,Lake,Sangamon,m,0,27.5,4.1,2.4,3.11,3.36,3.34,4,4,2.1
WSSP 18,2010,WSSP,Lake,Sangamon,m,0,35,5.3,3.6,3.5,3.89,4.04,5,5,2.23
WSSP 19,2010,WSSP,Lake,Sangamon,m,0,33.6,5.3,3.3,3.51,4.15,4.18,4.8,4.7,2.34
WSSP 22,2010,WSSP,Lake,Sangamon,m,0,39,6.4,4.1,4.64,4.64,4.93,5.5,5.9,2.71
WSSP 23,2010,WSSP,Lake,Sangamon,m,0,39.9,6.4,4.4,4.96,4.78,4.92,5.5,4.9,2.71
WSSP 26,2010,WSSP,Lake,Sangamon,m,0,36.3,6.8,3.5,3.8,4.21,4.27,5.1,5,2.61
WSSP 28,2010,WSSP,Lake,Sangamon,m,0,34.2,5.3,3.6,3.7,4.59,4.16,5,5.7,2.44
WSSP 29,2010,WSSP,Lake,Sangamon,m,0,38.3,6.2,4.1,3.88,4.74,4.63,5.4,5.3,2.88
WSSP 31,2010,WSSP,Lake,Sangamon,m,0,34.6,5.5,3.5,3.6,4.8,4.4,5.3,5.3,3.5
WSSP 34,2010,WSSP,Lake,Sangamon,m,0,30.8,4.5,3.1,2.9,3.5,3.8,4.4,4.4,2.4
WSSP 4,2010,WSSP,Lake,Sangamon,m,0,35.8,5.5,3.4,3.62,4.2,4.22,4.7,5.1,2.39
WSSP 10,2010,WSSP,Lake,Sangamon,m,1,45.9,8,4.9,5.48,6.2,5.46,6.3,7.2,3.05
WSSP 11,2010,WSSP,Lake,Sangamon,m,1,40.4,6.7,4.3,4.82,6.8,5.08,5.6,6.1,2.78
WSSP 15,2010,WSSP,Lake,Sangamon,m,1,40.5,6.6,4.4,5.04,5.02,5.04,5.6,6,2.77
WSSP 16,2010,WSSP,Lake,Sangamon,m,1,43.2,7.3,4.5,5.03,5.95,5.46,6.9,6.6,2.91
WSSP 21,2010,WSSP,Lake,Sangamon,m,1,40.3,6.8,4.2,4.3,5.22,4.91,6.7,6.6,2.67
WSSP 24,2010,WSSP,Lake,Sangamon,m,1,36,5.8,3.5,3.96,4.12,4.25,5,5.3,2.21
WSSP 6,2010,WSSP,Lake,Sangamon,m,1,42.2,7.2,4.6,4.76,5.1,5.17,6.8,6.9,2.86
WSSP 7,2010,WSSP,Lake,Sangamon,m,1,37.3,6,3.3,4.22,4.4,4.58,5.3,6.8,2.69
