Sex,Hair
M,red
M,red
M,red
M,red
M,red
M,red
M,red
M,red
M,red
M,red
M,red
M,red
M,red
M,red
M,red
M,red
M,red
M,blond
M,blond
M,blond
M,blond
M,blond
M,blond
M,blond
M,blond
M,blond
M,blond
M,blond
M,blond
M,blond
M,blond
M,blond
M,blond
M,blond
M,blond
M,blond
M,blond
M,blond
M,blond
M,blond
F,red
F,red
F,red
F,red
F,red
F,red
F,red
F,red
F,red
F,red
F,red
F,red
F,red
F,red
F,red
F,red
F,red
F,red
F,red
F,blond
F,blond
F,blond
F,blond
F,blond
F,blond
F,blond
F,blond
F,blond
F,blond
F,blond
F,blond
F,blond
F,blond
F,blond
F,blond
F,blond
F,blond
F,blond
F,blond
F,blond
F,blond
F,blond
F,blond
F,blond
F,blond
F,blond
F,blond
F,blond
F,blond
F,blond
F,blond
F,blond
F,blond
F,blond
F,blond
F,blond
F,blond
F,blond
F,blond
F,blond
